<?xml version="1.0" encoding="UTF-8"?>
<project-private xmlns="http://www.netbeans.org/ns/project-private/1">
    <editor-bookmarks xmlns="http://www.netbeans.org/ns/editor-bookmarks/2" lastBookmarkId="0"/>
    <open-files xmlns="http://www.netbeans.org/ns/projectui-open-files/2">
        <group>
            <file>file:/Users/orlandojose/NetBeansProjects/POO-Programa1/src/poo/programa1/PieChart_AWT.java</file>
            <file>file:/Users/orlandojose/NetBeansProjects/POO-Programa1/src/poo/programa1/Interfaz.java</file>
            <file>file:/Users/orlandojose/NetBeansProjects/POO-Programa1/src/poo/programa1/Localizacion.java</file>
            <file>file:/Users/orlandojose/NetBeansProjects/POO-Programa1/src/poo/programa1/POOPrograma1.java</file>
            <file>file:/Users/orlandojose/NetBeansProjects/POO-Programa1/src/poo/programa1/Cliente.java</file>
            <file>file:/Users/orlandojose/NetBeansProjects/POO-Programa1/src/poo/programa1/Excel.java</file>
            <file>file:/Users/orlandojose/NetBeansProjects/POO-Programa1/src/poo/programa1/Provincia.java</file>
            <file>file:/Users/orlandojose/NetBeansProjects/POO-Programa1/src/poo/programa1/BarChart_AWT.java</file>
            <file>file:/Users/orlandojose/NetBeansProjects/POO-Programa1/src/poo/programa1/Sismo.java</file>
            <file>file:/Users/orlandojose/NetBeansProjects/POO-Programa1/src/poo/programa1/Origen.java</file>
            <file>file:/Users/orlandojose/NetBeansProjects/POO-Programa1/src/poo/programa1/Listas.java</file>
        </group>
    </open-files>
</project-private>
